usdb_id,artist,title
31820,ABBA,"Andante, Andante"
24435,ABBA,Angeleyes
10509,ABBA,"Another Town, Another Train"
7396,ABBA,As Good As New
9982,ABBA,Bang-A-Boomerang
4971,ABBA,Chiquitita
3289,ABBA,Dancing Queen
4973,ABBA,Does Your Mother Know
24991,ABBA,Don’t Shut Me Down
8689,ABBA,Eagle
4989,ABBA,Fernando
4974,ABBA,Gimme! Gimme! Gimme! (A Man After Midnight)
5304,ABBA,Happy New Year
29488,ABBA,Hasta mañana
9983,ABBA,He Is Your Brother
30791,ABBA,Head Over Heels
12983,ABBA,Hole In Your Soul
6119,ABBA,Honey Honey
4975,ABBA,"I Do, I Do, I Do, I Do, I Do"
27,ABBA,I Have A Dream
24971,ABBA,I Still Have Faith In You
25159,ABBA,If It Wasn’t For The Nights
26424,ABBA,Just A Notion
25926,ABBA,Kisses Of Fire
4976,ABBA,"Knowing Me, Knowing You"
6849,ABBA,Lay All Your Love On Me
4977,ABBA,Mamma Mia
4978,ABBA,"Money, Money, Money"
11274,ABBA,Move On
11275,ABBA,"My Love, My Life"
31819,ABBA,"One Man, One Woman"
4979,ABBA,One Of Us
5224,ABBA,Our Last Summer
4983,ABBA,Ring Ring
4980,ABBA,S.O.S.
8682,ABBA,Slipping Through My Fingers
12984,ABBA,So Long
4981,ABBA,Summer Night City
4982,ABBA,Super Trouper
9984,ABBA,Suzy-Hang-Around
4984,ABBA,Take A Chance On Me
4985,ABBA,Thank You For The Music
6966,ABBA,That’s Me
25210,ABBA,The Day Before You Came
4986,ABBA,The Name Of The Game
7598,ABBA,The Visitors (Crackin’ Up)
4987,ABBA,The Winner Takes It All
9892,ABBA,Tiger
30792,ABBA,Under Attack
4988,ABBA,Voulez-vous
4990,ABBA,Waterloo
10459,ABBA,When All Is Said And Done
8722,ABBA,When I Kissed The Teacher
25132,ABBA,When You Danced With Me
3066,Adele,Chasing Pavements
13348,Adele,Don’t You Remember
25072,Adele,Easy On Me
19236,Adele,Hello
7239,Adele,Hometown Glory
28904,Adele,Lovesong
22783,Adele,Make You Feel My Love
22445,Adele,Million Years Ago
25745,Adele,Oh My God
25579,Adele,Rolling In The Deep
11408,Adele,Rolling In The Deep (Studio Footage)
13154,Adele,Rumour Has It
20008,Adele,Send My Love (To Your New Lover)
11972,Adele,Set Fire To The Rain
14660,Adele,Skyfall
14953,Adele,Someone Like You
13352,Adele,Turning Tables
20904,Adele,Water Under The Bridge
19921,Adele,When We Were Young
87,Amy Winehouse,Back To Black
8294,Amy Winehouse,Fuck Me Pumps
24941,Amy Winehouse,In My Bed
5636,Amy Winehouse,Love Is A Losing Game
473,Amy Winehouse,Rehab
2981,Amy Winehouse,Tears Dry On Their Own
17061,Amy Winehouse,You Know I’m No Good
24763,Arctic Monkeys,505
22137,Arctic Monkeys,Arabella
12571,Arctic Monkeys,Brianstorm
31233,Arctic Monkeys,Cornerstone
17676,Arctic Monkeys,Crying Lightning
16144,Arctic Monkeys,Do I Wanna Know?
8288,Arctic Monkeys,Fluorescent Adolescent
4739,Arctic Monkeys,I Bet You Look Good On The Dancefloor
18450,Arctic Monkeys,R U Mine?
13170,Arctic Monkeys,When The Sun Goes Down
26529,Arctic Monkeys,Why’d You Only Call Me When You’re High
17990,Avicii feat. Robbie Williams,The Days
12819,Bad Meets Evil feat. Bruno Mars,Lighters
206,Black Sabbath,Paranoid
12345,Britney Spears,Shadow
20842,Bruno Mars,24K Magic
25211,Bruno Mars,Chunky
14265,Bruno Mars,Count On Me
28507,Bruno Mars,Gorilla
11157,Bruno Mars,Grenade
31498,Bruno Mars,I Just Might
13314,Bruno Mars,It Will Rain
10573,Bruno Mars,Just The Way You Are
14845,Bruno Mars,Locked Out Of Heaven
11271,Bruno Mars,Marry You
28446,Bruno Mars,Runaway Baby
12248,Bruno Mars,Somewhere In Brooklyn
11156,Bruno Mars,Talking To The Moon
20916,Bruno Mars,That’s What I Like
11962,Bruno Mars,The Lazy Song
15892,Bruno Mars,Treasure
23244,Bruno Mars,Versace On The Floor
15469,Bruno Mars,When I Was Your Man
17088,Bruno Mars,Young Girls
18827,Bruno Mars feat. Damian Marley,Liquor Store Blues
4863,Busted,Air Hostess
561,Busted,Crashed The Wedding
23802,Busted,Meet You There
24431,Busted,Mummy Trade
23815,Busted,Nerdy
23793,Busted,On What You’re On
24694,Busted,Radio
24583,Busted,Shipwrecked In Atlantis
24297,Busted,Thunderbirds Are Go!
23576,Busted,Who’s David
19938,Calvin Harris feat. Rihanna,This Is What You Came For
26872,Coldplay,A Head Full Of Dreams
17253,Coldplay,A Sky Full Of Stars
19438,Coldplay,Adventure Of A Lifetime
19421,Coldplay,Army Of One
13129,Coldplay,Charlie Brown
13130,Coldplay,Christmas Lights
13363,Coldplay,Don’t Let It Break Your Heart
19420,Coldplay,Everglow
12848,Coldplay,Every Teardrop Is A Waterfall
23618,Coldplay,Everyday Life
24664,Coldplay,Higher Power
15509,Coldplay,Hurts Like Heaven
13239,Coldplay,Life In Technicolor II
30489,Coldplay,Lost!
17115,Coldplay,Magic
26725,Coldplay,Orphans
13004,Coldplay,Paradise
13303,Coldplay,Up In Flames
20489,Coldplay,Up&Up
29203,Coldplay,feelslikeimfallinginlove
14319,Coldplay & Rihanna,Princess Of China
20018,Coldplay feat. Beyoncé,Hymn For The Weekend
25290,Coldplay x BTS,My Universe
25437,Coldplay x Selena Gomez,Let Somebody Go
29947,"Coldplay, Little Simz, Burna Boy, Elyanna & TINI",WE PRAY
24808,Darius Rucker,Wagon Wheel
11457,DiddyDirtyMoney feat. Skylar Grey,Coming Home
14006,Drake feat. Rihanna,Take Care
16927,Duffy,Distant Dreamer
5634,Duffy,Mercy
6535,Duffy,Rain On Your Parade
4264,Duffy,Warwick Avenue
11464,Duffy,Well Well Well
16641,Eminem feat. Rihanna,The Monster
9857,Enter Shikari,Adieu
23377,Giorgio Moroder feat. Kylie Minogue,"Right Here, Right Now"
28496,Girls Aloud,Black Jacks
3014,Girls Aloud,Call The Shots
23617,Girls Aloud,Can’t Speak French
17533,Girls Aloud,Love Is Pain
16241,Girls Aloud,Miss You Bow Wow
23689,Girls Aloud,On The Metro
23690,Girls Aloud,Revolution In The Head
17534,Girls Aloud,Rolling Back The Rivers In Time
15057,Girls Aloud,Something New
12377,Girls Aloud,The Loving Kind
7471,Girls Aloud,The Promise
16396,Girls Aloud,Untouchable
12916,JLS feat. DEV,She Makes Me Wanna
11890,Jace Everett,Bad Things
15836,James Arthur,Impossible
21438,Kylie Minogue,Dancing
28179,Kylie Minogue,Green Light
17026,Kylie Minogue,Into The Blue
26382,Kylie Minogue,It’s The Most Wonderful Time Of The Year
24120,Kylie Minogue,Magic
24119,Kylie Minogue,Miss A Thing
24164,Kylie Minogue,Monday Blues
27410,Kylie Minogue,Padam Padam
24121,Kylie Minogue,Real Groove
24154,Kylie Minogue,Say Something
21505,Kylie Minogue,Stop Me From Falling
24163,Kylie Minogue,Where Does The DJ Go?
25103,Kylie Minogue and Years & Years,A Second To Midnight
2566,Leona Lewis,Better In Time
246,Leona Lewis,Bleeding Love
21723,Leona Lewis,Bleeding Love [High Notes]
5596,Leona Lewis,Forgive Me
8261,Leona Lewis,Happy
9116,Leona Lewis,I Got You
8425,Leona Lewis,I See You
24135,Leona Lewis,One More Sleep
6466,Leona Lewis,Run
21500,Leona Lewis & Avicii,Collide
19511,Lil Wayne feat. Bruno Mars,Mirror
4033,Mark Ronson feat. Amy Winehouse,Valerie
18114,Mark Ronson feat. Bruno Mars,Uptown Funk!
4876,McFly,5 Colours In Her Hair
1180,McFly,Obviously
7808,McFly,The Heart Never Lies
14861,Nicki Minaj feat. Rihanna,Fly
26975,Nicky Youre & Dazy,Sunroof
2654,Oasis,All Around The World
1238,Oasis,Champagne Supernova
11316,Oasis,Cigarettes & Alcohol
3115,Oasis,Don’t Look Back In Anger
25351,Oasis,Go Let It Out
5956,Oasis,I’m Outta Time
7862,Oasis,Let There Be Love
15274,Oasis,Lyla
6601,Oasis,Morning Glory
6600,Oasis,Roll With It
13972,Oasis,She’s Electric
16223,Oasis,Some Might Say
15122,Oasis,Songbird
23330,Oasis,Stand By Me
1237,Oasis,Stop Crying Your Heart Out
15015,Oasis,The Importance Of Being Idle
13971,Oasis,The Masterplan
14970,Oasis,The Shock Of The Lightning
3695,Oasis,Wonderwall
28176,Oliver Heldens x Kylie Minogue,10 Out Of 10
18964,One Direction,Drag Me Down
17626,One Direction,Fireproof
19135,One Direction,Infinity
19230,One Direction,Perfect
15963,Queen,A Kind Of Magic
6038,Queen,Another One Bites The Dust
26713,Queen,Body Language
3715,Queen,Bohemian Rhapsody
6032,Queen,Breakthru
6039,Queen,Crazy Little Thing Called Love
23478,Queen,Death On Two Legs (Dedicated To…)
6040,Queen,Don’t Stop Me Now
17034,Queen,Fat Bottomed Girls
29881,Queen,Flash
25281,Queen,Friends Will Be Friends
3723,Queen,Good Old-Fashioned Lover Boy
30795,Queen,Hammer To Fall
6044,Queen,I Want It All
25922,Queen,I Was Born To Love You
1319,Queen,In Only Seven Days
6043,Queen,Innuendo
13928,Queen,It’s A Hard Life
2560,Queen,I’m Going Slightly Mad
29030,Queen,I’m In Love With My Car
3733,Queen,Killer Queen
23477,Queen,Las palabras de amor (The Words Of Love)
23476,Queen,Lazing On A Sunday Afternoon
14179,Queen,Life Is Real (Song For Lennon)
3735,Queen,Love Of My Life
26462,Queen,Made In Heaven
19799,Queen,No One But You (Only The Good Die Young)
31813,Queen,Now I’m Here
6037,Queen,One Vision
9835,Queen,Princes Of The Universe
1322,Queen,Radio Ga Ga
13636,Queen,Save Me
22027,Queen,Seven Seas Of Rhye
6047,Queen,Somebody To Love
13637,Queen,Spread Your Wings
26431,Queen,Stone Cold Crazy
1555,Queen,Thank God It’s Christmas
2561,Queen,The Invisible Man
22032,Queen,The Miracle
1324,Queen,The Show Must Go On
6048,Queen,These Are The Days Of Our Lives
6054,Queen,Tie Your Mother Down
1325,Queen,Too Much Love Will Kill You
6051,Queen,We Are The Champions
6052,Queen,We Will Rock You
20766,Queen,White Queen (As It Began)
6055,Queen,Who Wants To Live Forever
28614,Queen,You Don’t Fool Me
20765,Queen,You Take My Breath Away
6053,Queen,You’re My Best Friend
3722,Queen,’39
31504,Queen + David Bowie,Under Pressure
18616,Rihanna,American Oxygen
12071,Rihanna,California King Bed
14739,Rihanna,Diamonds
13108,Rihanna,Drunk On Love
11413,Rihanna,Fading
13109,Rihanna,Farewell
16624,Rihanna,Jump
19701,Rihanna,Kiss It Better
26252,Rihanna,Lift Me Up
14862,Rihanna,Lost In Paradise
19951,Rihanna,Love On The Brain
12362,Rihanna,Man Down
18615,Rihanna,Phresh Out The Runway
15968,Rihanna,Pour It Up
13752,Rihanna,Roc Me Out
20120,Rihanna,Sledgehammer
13751,Rihanna,Watch N’ Learn
23369,Rihanna,We All Want Love
16154,Rihanna,What Now
13087,Rihanna,Where Have You Been
13052,Rihanna,You Da One
12788,Rihanna feat. Calvin Harris,We Found Love
14864,Rihanna feat. Chris Brown,Nobody’s Business
14863,Rihanna feat. David Guetta,Right Now
19679,Rihanna feat. Drake,Work
13318,Rihanna feat. Jay-Z,Talk That Talk
15281,Rihanna feat. Mikky Ekko,Stay
18217,"Rihanna, Kanye West & Paul McCartney",FourFiveSeconds
1363,Robbie Williams,Advertising Space
7885,Robbie Williams,Bodies
14671,Robbie Williams,Candy
17849,Robbie Williams,Come Undone
16495,Robbie Williams,Go Gentle
20425,Robbie Williams,Love My Life
7401,Robbie Williams,Misunderstood
20655,Robbie Williams,Mixed Signals
9062,Robbie Williams,Morning Sun
21235,Robbie Williams,Radio
5333,Robbie Williams,Rudebox
3743,Robbie Williams,Sin Sin Sin
8304,Robbie Williams,Tripping
12879,Robbie Williams,You Know Me
17833,Robbie Williams and Gary Barlow,Shame
17604,Robbie Williams feat. Lissie,Losers
12982,S Club 7,Bring It All Back
7134,S Club 7,Don’t Stop Movin’
16925,S Club 7,Natural
2056,S Club 7,Never Had A Dream Come True
26490,S Club 7,Perfect Christmas
28544,S Club 7,Reach
10830,S Club 7,Show Me Your Colours
16938,S Club 7,Summertime Feeling
16742,Shakira feat. Rihanna,Can’t Remember To Forget You
17114,Snoop Dogg & Wiz Khalifa feat. Bruno Mars,"Young, Wild & Free"
8390,Spice Girls,2 Become 1
2508,Spice Girls,Goodbye
2507,Spice Girls,Holler
2506,Spice Girls,Let Love Lead The Way
23464,Spice Girls,Love Thing
23463,Spice Girls,Never Give Up On The Good Times
4882,Spice Girls,Say You’ll Be There
2503,Spice Girls,Spice Up Your Life
16262,Spice Girls,Stop
14260,Spice Girls,Too Much
3787,Spice Girls,Viva Forever
7907,Take That,Beautiful World
11242,Take That,Eight Letters
7909,Take That,Greatest Day
17373,Take That,Happy Now
7912,Take That,Hold Up A Light
11677,Take That,How Did It Come To This
7910,Take That,I’d Wait For Life
11372,Take That,Kidz
17374,Take That,Love Love
7900,Take That,Patience
7896,Take That,Reach Out
7895,Take That,Rule The World
11631,Take That,SOS
7894,Take That,Said It All
11023,Take That,The Flood
17843,Take That,These Days
7889,Take That,Up All Night
19014,Taylor Swift,Wildest Dreams
7692,The Killers,All These Things That I’ve Done
18458,The Killers,Be Still (Album Version)
29005,The Killers,Bones
25267,The Killers,Caution
19282,The Killers,Don’t Shoot Me Santa
25792,The Killers,Flesh And Bone
6326,The Killers,For Reasons Unknown
5034,The Killers,Human
25134,The Killers,Just Another Girl
18798,The Killers,Miss Atomic Bomb
295,The Killers,Mr. Brightside
29484,The Killers,Mr. Brightside (Alternate Version)
6418,The Killers,Read My Mind
25938,The Killers,Runaways
6399,The Killers,Smile Like You Mean It
296,The Killers,Somebody Told Me
7551,The Killers,Spaceman
297,The Killers,When You Were Young
6357,The Killers feat. Lou Reed,Tranquilize
25887,The Witcher (Joey Batey),Burn Butcher Burn
16736,Travie McCoy feat. Bruno Mars,Billionaire
7126,Westlife,Angel
23898,Westlife,Better Man
23727,Westlife,Hello My Love
24593,Westlife,Mandy
3180,Westlife,My Love
5681,Westlife,Queen Of My Heart
19000,Westlife,Soledad
26792,Westlife,The Rose
9257,Westlife,Uptown Girl
10500,Westlife,What About Now
2201,Westlife,World Of Our Own
7140,Westlife,You Raise Me Up
29608,Zac Brown Band,Chicken Fried
